id,hip,hd,hr,gl,bf,proper,ra,dec,dist,pmra,pmdec,rv,mag,absmag,spect,ci,x,y,z,vx,vy,vz,rarad,decrad,pmrarad,pmdecrad,bayer,flam,con,comp,comp_primary,base,lum,var,var_min,var_max
0,,,,,,Sol,0.000000,0.000000,0.0000,0.00,0.00,0.0,-26.700,4.850,G2V,0.656,0.000005,0.000000,0.000000,0.00000000,0.00000000,0.00000000,0,0,0,0,,,,1,0,,1,,,
1,1,224700,,,,,0.000060,1.089009,219.7802,-5.20,-1.88,0.0,9.100,2.390,F5,0.482,219.740502,0.003449,4.177065,0.00000004,-0.00000554,-0.00000200,0.000015693409775347223,0.01900678824815125,-0.000000025210311388888885,-0.000000009114497,,,Psc,1,1,,9.638290236239703,,,
2,2,224690,,,,,0.000283,-19.498840,47.9616,181.21,-0.93,0.0,9.270,5.866,K3V,0.999,45.210918,0.003365,-16.008996,-0.00000007,0.00004213,-0.00000020,0.00007396114511717882,-0.34031895245171123,0.0000008785308705347223,-0.000000004508767,,,Cet,1,2,,0.39228346253952057,,,
3,3,224699,,,,,0.000335,38.859279,442.4779,5.24,-2.91,0.0,6.610,-1.619,B9,-0.019,344.552785,0.030213,277.614965,0.00000392,0.00001124,-0.00000486,0.00008762628707253473,0.6782223625543176,0.00000002540423686111111,-0.000000014108078,,,And,1,3,,386.9011316551087,,,
4,4,224707,,,,,0.000569,-51.893546,134.2282,62.85,0.16,0.0,8.060,2.421,F0V,0.370,82.835513,0.012476,-105.619540,0.00000008,0.00004090,0.00000006,0.00014895417223450522,-0.9057132322126162,0.0000003047053982291667,0.000000000775701,,,Phe,1,4,,9.366988779521161,,,
5,5,224705,,,,,0.000665,-40.591202,257.7320,2.53,9.07,0.0,8.550,1.494,G8III,0.902,195.714261,0.034068,-167.695291,0.00000737,0.00000316,0.00000861,0.000174033325628533,-0.70845012723975,0.000000012265786118055555,0.0000000439726,,,Phe,1,5,,21.998851090492494,,,
6,6,,,,,,0.001246,3.946458,55.0358,226.29,-12.84,0.0,12.310,8.607,M0V:,1.336,54.905296,0.017912,3.787796,0.00000022,0.00006037,-0.00000342,0.0003262244926801302,0.068878680311835,0.0000010970848777291668,-0.000000062250076,,,,1,6,,0.03141955284641073,,12.462,12.162
7,7,,,,,,0.001470,20.036114,57.8704,-208.12,-200.79,0.0,9.640,5.828,G0,0.740,54.367897,0.020886,19.827115,0.00001932,-0.00005838,-0.00005292,0.00038472330047024304,0.3496961602478462,-0.0000010089942319722222,-0.000000973457389,,,Peg,1,7,,0.4062561981868433,,,
8,8,224709,,,,,0.001823,25.886461,200.8032,19.09,-5.66,-31.0,9.050,2.536,M6e-M8.5e Tc,1.102,180.654532,0.086213,87.668389,-0.00002613,0.00001857,-0.00001880,0.000477137820651658,0.4518039698960275,0.00000009255093161805554,-0.000000027440454,,,Peg,1,8,,8.425583753398259,Z,11.748,7.648
9,9,224708,,,,,0.002355,36.585958,420.1681,-6.30,8.42,0.0,8.590,0.473,G5,1.067,337.379614,0.207994,250.431996,-0.00001021,-0.00001284,0.00001377,0.0006165627464585937,0.6385454301864713,-0.000000030543261875,0.000000040821311,,,And,1,9,,56.33781508509383,,,
10,10,224717,,,,,0.002424,-50.866976,92.3361,42.23,40.02,0.0,8.590,3.763,F6V,0.489,58.275424,0.037038,-71.623522,0.00001388,0.00001891,0.00001131,0.0006345264471513629,-0.8877962163037024,0.0000002047368172986111,0.000000194022434,,,Phe,1,10,,2.721447746454366,,,
11,11,224720,,,,,0.002488,46.939997,239.2344,11.09,-2.02,-25.8,7.340,0.446,A2,0.081,163.340420,0.106439,174.793831,-0.00001631,0.00001285,-0.00002088,0.0006514234510752691,0.819257490309185,0.000000053765837173611106,-0.000000009793236,,,And,1,11,,57.75638463945334,,,
12,12,224715,,,,,0.002727,-35.960225,307.6923,-5.99,-0.10,0.0,8.430,0.989,K4III,1.484,249.053728,0.177782,-180.684145,-0.00000008,-0.00000893,-0.00000012,0.0007138898970296788,-0.6276243262421137,-0.00000002904033946527778,-0.000000000484813,,,Scl,1,12,,35.02676269138129,,,
13,13,224728,,,,,0.002780,-22.594705,100000.0000,8.45,-10.07,0.0,8.800,-11.200,K0III,1.128,92324.548321,67.196978,-38421.000273,-0.00187856,0.00409495,-0.00450696,0.0007278044591150607,-0.3943519961814488,0.000000040966756006944446,-0.000000048820737,,,Cet,1,13,,2630267.9918953762,,,
14,14,224726,,,,,0.003228,-0.360450,205.7613,61.75,-11.67,0.0,7.250,0.683,K0,1.200,205.757155,0.173890,-1.294442,-0.00000013,0.00006159,-0.00001164,0.0008451205089177517,-0.006291031055365,0.00000029937244774305557,-0.000000056577756,,,Psc,1,14,,46.43014072818033,,,
15,15,236267,,,,,0.003356,50.791187,523.5602,13.88,5.47,0.0,8.600,0.005,K2,1.166,330.967664,0.290916,405.679189,-0.00001079,0.00003522,0.00000878,0.0008786428062150347,0.886473445043945,0.0000000672921388611111,0.000000026519308,,,Cas,1,15,,86.69618757582165,,,
16,17,224732,,,,,0.003401,-40.192392,136.4256,-34.46,-26.37,0.0,8.150,2.476,F3V,0.425,104.212982,0.092744,-88.043116,-0.00001123,-0.00002280,-0.00001332,0.0008903911655497048,-0.7014895826469613,-0.0000001670667943194444,-0.000000127845367,,,Phe,1,16,,8.904304435937416,,,
17,16,,,,,,0.003469,-54.914363,751.8797,257.39,-96.63,0.0,11.710,2.329,,0.421,432.180376,0.395981,-615.258522,-0.00028905,0.00093790,-0.00020245,0.000908164791908342,-0.9584364401602662,0.0000012478619323819447,-0.000000468475459,,,Phe,1,17,,10.195299775626019,,11.823,11.543
18,18,,,,,,0.003522,-4.053680,44.8229,-127.22,23.78,0.0,11.030,7.773,K5,1.567,44.710745,0.041225,-3.168578,0.00000039,-0.00002764,0.00000515,0.0009220561753114756,-0.07075006822393624,-0.0000006167799644027777,0.000000115288693,,,Psc,1,18,,0.06773295140086069,,11.088,10.948
19,19,224721,,,,,0.003554,38.304050,249.3766,-2.50,-15.07,16.0,6.530,-0.454,G5,0.955,195.693966,0.182078,154.572309,0.00002414,-0.00000300,-0.00000415,0.0009304489470073785,0.6685317837125663,-0.000000012120342013888889,-0.000000073061421,,,And,1,19,,132.31223331133708,,,
20,20,224723,,,,,0.004203,23.529228,96.6184,36.00,-22.98,0.0,8.510,3.585,G0,0.516,88.585158,0.097476,38.571692,0.00000428,0.00001687,-0.00000987,0.00110022016309375,0.4106625001608987,0.00000017453292499999998,-0.000000111410183,,,Peg,1,20,,3.206269324505465,,,
21,21,224724,,,,,0.004426,8.007234,189.3939,61.89,-0.22,0.0,7.550,1.163,K2,1.438,187.547277,0.217307,26.382215,-0.00000004,0.00005682,-0.00000020,0.0011586554478853386,0.1397525936673375,0.0000003000511868958333,-0.00000000106659,,,Psc,1,21,,29.840081159302187,,,
22,22,224735,,,,,0.004674,-49.352266,318.4713,-7.90,0.46,0.0,8.690,1.175,G8/K0III/IV,0.962,207.454138,0.253838,-241.633370,0.00000055,-0.00001220,0.00000046,0.001223764872543316,-0.8613595294862575,-0.00000003830028076388889,0.000000002230142,,,Phe,1,22,,29.512092266663856,,,
23,23,224742,,,,,0.004971,13.312234,86.2813,54.15,9.65,0.0,7.570,2.890,F2V,0.456,83.962827,0.109269,19.866919,-0.00000096,0.00002265,0.00000393,0.0013013321078201823,0.23234231836455002,0.0000002625266080208333,0.00000004678452,,,Peg,1,23,,6.081350012787176,,,
24,24,224746,,,,,0.005091,-23.452695,105.4852,127.15,22.22,0.0,9.050,3.934,G0V,0.528,96.770874,0.129015,-41.982243,0.00000444,0.00006503,0.00001042,0.0013327108552047308,-0.4093267474010088,0.000000616440594826389,0.000000107725599,,,Cet,1,24,,2.324877101501644,,,
25,25,224750,9077,,,,0.005300,-44.290561,81.3670,58.36,-108.64,3.0,6.280,1.728,G3IV,0.763,58.243094,0.080879,-56.818381,-0.00002776,0.00002298,-0.00003282,0.0013876607010597569,-0.7730161236388425,0.0000002829372639722222,-0.000000526701582,,,Phe,1,25,,17.733726245425586,,,
26,26,224744,,,,,0.005606,-13.393378,100.8065,-103.33,-33.35,0.0,9.130,4.113,F7V,0.535,98.064726,0.143920,-23.350361,-0.00000370,-0.00005050,-0.00001585,0.001467727617708967,-0.23375854174691751,-0.0000005009579761180555,-0.000000161685362,,,Cet,1,26,,1.9715146109965855,,,
27,27,224748,,,,,0.005720,-41.297813,107.6426,135.96,-113.67,0.0,9.320,4.160,G5V,0.671,80.870646,0.121258,-71.041209,-0.00003925,0.00007089,-0.00004456,0.0014974945859507292,-0.7207828140174626,0.0000006591526800833333,-0.00000055108771,,,Phe,1,27,,1.8879913490962925,,,
28,28,224749,,,,,0.005815,-43.361821,198.0198,-10.96,-8.69,0.0,8.830,2.346,F3/F5V,0.468,143.966634,0.219137,-135.961029,-0.00000571,-0.00001053,-0.00000606,0.001522312063680347,-0.756806540640195,-0.000000053135579388888895,-0.000000042130308,,,Phe,1,28,,10.036909309200967,,,
29,29,224751,,,,,0.006146,-49.107945,411.5226,26.86,4.05,0.0,9.140,1.068,G8III,1.041,269.397158,0.433657,-311.088145,0.00000602,0.00005359,0.00000529,0.0016091294333527256,-0.8570953311941525,0.0000001302209545972222,0.000000019634954,,,Phe,1,29,,32.568668220166984,,,
30,30,224757,,,,,0.006408,42.141474,244.4988,-8.44,-10.14,0.0,8.260,1.319,A0,0.142,181.293246,0.304102,164.049778,0.00000808,-0.00000999,-0.00000891,0.0016775239650969097,0.7355074748490638,-0.000000040918274638888885,-0.000000049160107,,,And,1,30,,25.846396357698424,,,
31,31,224760,,,,,0.006539,2.675477,306.7485,-4.88,-0.20,0.0,7.630,0.196,K2,1.453,306.413678,0.524535,14.318687,0.00000003,-0.00000726,-0.00000030,0.001711852984558403,0.04669588551576375,-0.00000002365890761111111,-0.000000000969627,,,Psc,1,31,,72.71098031596613,,,
32,32,224756,,,,,0.006572,51.939487,330.0330,-0.39,-1.38,0.0,9.090,1.497,B8,0.040,203.462862,0.350076,259.854810,0.00000174,-0.00000062,-0.00000136,0.001720594455733151,0.9065150604587551,-0.0000000018907733541666666,-0.000000006690428,,,Cas,1,32,,21.93814991897909,,,
33,33,224743,,,,,0.006611,-10.462385,113.7656,-3.62,28.71,0.0,8.100,2.820,F2,0.466,111.874004,0.193640,-20.658692,0.00000288,-0.00000199,0.00001557,0.001730876435266684,-0.18260305908743876,-0.000000017550255236111113,0.000000139190007,,,Cet,1,33,,6.486344335482383,,,
34,34,224758,9078,,,,0.006638,26.918108,74.6269,42.20,-53.47,0.0,6.430,2.066,F7.5IV-V,0.514,66.541310,0.115654,33.784832,0.00000873,0.00001528,-0.00001725,0.0017378621745154513,0.4698096167386025,0.00000020459137319444445,-0.000000259229874,,,Peg,1,34,,12.989726288978545,,,
35,35,224745,,,,,0.006864,-14.490484,145.3488,162.25,-1.47,0.0,9.070,3.258,G8/K0III/IV,0.916,140.724913,0.252900,-36.369062,-0.00000046,0.00011432,-0.00000100,0.0017968988392211371,-0.2529066603591587,0.000000786610196701389,-0.000000007126761,,,Cet,1,35,,4.333112852118381,,,
36,36,224759,,,,,0.006893,12.267128,184.5018,49.71,14.27,0.0,7.680,1.350,K0,1.150,180.288895,0.325359,39.201059,-0.00000279,0.00004446,0.00001247,0.0018046047577052866,0.21410176735048,0.0000002410008806041667,0.000000069182912,,,Peg,1,36,,25.118864315095795,,,
37,37,224764,,,,,0.007022,-47.179567,381.6794,-6.92,7.03,0.0,10.440,2.532,F0V,0.391,259.428169,0.476909,-279.957073,0.00000956,-0.00001279,0.00000884,0.0018384434453164236,-0.8234387777789912,-0.00000003354910669444445,0.000000034082401,,,Phe,1,37,,8.456682000993544,,10.516,10.346
38,38,224752,,,,,0.007429,-79.061983,42.3012,162.30,-62.40,0.0,8.650,5.518,G6V,0.778,8.026508,0.015848,-41.532715,-0.00001263,0.00003326,-0.00000243,0.0019450169602809896,-1.37989191408269,0.0000007868526035416667,-0.000000302523736,,,Oct,1,38,,0.5405053537086688,,,
39,39,224763,,,,,0.007485,-16.697009,92.5069,169.72,-32.54,10.0,7.460,2.629,F3V,0.475,88.606493,0.173657,-26.578231,0.00000545,0.00007612,-0.00001692,0.00195954972556309,-0.2914177863857463,0.0000008228257786388889,-0.000000157758371,,,Cet,1,39,,7.733925780489969,,,
40,41,224768,,,,,0.007771,54.302236,364.9635,1.78,-0.47,0.0,8.700,0.889,A0,0.026,212.959233,0.433276,296.389159,0.00000067,0.00000315,-0.00000049,0.002034491509730746,0.94775281806204,0.00000000862968351388889,-0.000000002278624,,,Cas,1,40,,38.40608157258116,,,
41,40,,,,,,0.008131,67.216783,100000.0000,-2.99,-3.18,0.0,10.610,-9.390,B...,0.570,38724.465519,82.422961,92197.662534,0.00142438,-0.00144644,-0.00059697,0.0021286441606208246,1.1731541831005936,-0.00000001449592904861111,-0.000000015417075,,,Cep,1,41,,496592.3214503368,V463,10.824,10.514
42,42,224771,,,,,0.008362,25.844765,163.3987,20.70,-6.51,0.0,8.200,2.134,F2,0.387,147.054957,0.321961,71.231110,0.00000221,0.00001640,-0.00000464,0.0021892871187789062,0.4510762388380125,0.000000100356431875,-0.00000003156137,,,Peg,1,42,,12.201128470319311,,,
43,43,224784,9079,,,,0.008593,59.559679,136.2398,-80.60,-24.07,-33.0,6.180,0.508,G9III-IV,1.032,69.024292,0.155048,117.459890,-0.00000327,-0.00005324,-0.00003715,0.0022496078515178816,1.0395125049217948,-0.00000039075982652777775,-0.000000116694652,,,Cas,1,43,,54.55065881703731,,,
44,44,224776,,,,,0.008850,-3.306323,335.5705,11.10,16.04,0.0,7.910,0.281,K2,1.104,335.011030,0.776192,-19.353759,0.00000146,0.00001806,0.00002605,0.0023169108752872395,-0.0577062175640025,0.000000053814318541666674,0.000000077764114,,,Psc,1,44,,67.23571072343192,,,
45,45,224766,,,,,0.008941,-72.202717,62.3053,-37.20,-2.78,0.0,9.590,5.617,G6/G8V:,,19.043572,0.044508,-59.323610,-0.00000077,-0.00001124,-0.00000026,0.0023407299314697916,-1.2601751399309251,-0.00000018035068916666668,-0.00000001347782,,,Tuc,1,45,,0.4934009711879577,,,
46,46,224778,,,,,0.008972,-25.622285,833.3333,15.17,-13.39,0.0,8.570,-1.034,K1III,1.035,751.384895,1.764970,-360.363723,-0.00002354,0.00006123,-0.00004877,0.0023488815295592273,-0.44719324001982125,0.00000007354623534027779,-0.000000064916551,,,Scl,1,46,,225.73557110214452,,,
47,47,,,,,,0.009006,-56.835602,40.7498,-44.21,-145.90,0.0,10.780,7.729,K3V,1.150,22.291838,0.052522,-34.111837,-0.00002411,-0.00000879,-0.00001577,0.002357674558878481,-0.9919683912526412,-0.0000002143361281736111,-0.000000707343159,,,Phe,1,47,,0.07053424142580965,,10.849,10.669
48,48,224780,,,,,0.009015,-40.690474,671.1409,4.08,-11.28,0.0,7.310,-1.824,K0/K1III,1.164,508.886300,1.201131,-437.565308,-0.00002396,0.00001322,-0.00002783,0.0023602520784839587,-0.7101827455111013,0.00000001978039816666667,-0.000000054686983,,,Phe,1,48,,467.30453963150995,,,
49,49,,,,,,0.009304,16.669049,375.9398,26.66,6.95,0.0,9.530,1.654,F5,0.450,360.140834,0.877278,107.835722,-0.00000375,0.00004858,0.00001213,0.002435874949113316,0.2909297828273125,0.00000012925132723611111,0.00000003369455,,,Peg,1,49,,18.984536566615038,,,
50,50,224782,,,,,0.009533,-53.097713,59.4177,52.98,-20.52,0.0,6.490,2.620,G1IV,0.616,35.677374,0.089097,-47.513999,-0.00000476,0.00001525,-0.00000355,0.0024958074750196357,-0.9267299094829613,0.0000002568542879583333,-0.000000099483767,,,Phe,1,50,,7.798301105232586,,,
51,51,224774,,,,,0.009561,1.066213,100000.0000,10.19,6.33,0.0,8.940,-11.060,K0,0.906,99982.372691,250.263031,1860.784651,-0.00006946,0.00493966,0.00306807,0.0025030662719979255,0.01860892052616875,0.00000004940251404861111,0.000000030688705,,,Psc,1,51,,2312064.7901755986,,,
52,52,224767,,,,,0.009781,-77.020116,209.6436,21.46,9.91,0.0,8.560,1.953,A4V,0.196,47.087672,0.120720,-204.286993,0.00000976,0.00002183,0.00000226,0.0025605883588886635,-1.3442546196059437,0.00000010404101584722222,0.000000048045035,,,Oct,1,52,,14.41451385758211,,,
53,53,,,,,,0.009828,-29.263414,100000.0000,11.94,-12.96,0.0,10.960,-9.040,,,87237.870108,224.465590,-48882.549384,-0.00308599,0.00578025,-0.00548086,0.0025729495090927607,-0.5107429227787138,0.00000005788675345833333,-0.000000062831853,,,Scl,1,53,,359749.33515574236,,11.03,10.89
54,54,,,,,,0.010170,17.968908,50.2008,367.14,-19.49,0.0,10.570,7.066,M:,1.030,47.752040,0.127177,15.486990,0.00000123,0.00008935,-0.00000451,0.002662462518284427,0.3136166142108725,0.0000017799449467916665,-0.000000094490186,,,Peg,1,54,,0.12989726288978545,,,
55,55,224783,,,,,0.010549,-66.683173,64.9351,162.88,-28.82,0.0,7.400,3.338,G2IV/V,0.551,25.702202,0.071250,-59.631861,-0.00000847,0.00005125,-0.00000359,0.0027616175645752777,-1.1638409295788925,0.000000789664522888889,-0.000000139723302,,,Tuc,1,55,,4.025316189742117,,,
56,56,224785,,,,,0.010862,0.222931,253.8071,39.02,-3.09,0.0,8.120,1.097,K0,1.329,253.804153,0.721721,0.987533,-0.00000012,0.00004801,-0.00000380,0.002843605275108837,0.0038908879185075,0.0000001891742981527778,-0.000000014980742,,,Psc,1,56,,31.71027438947892,,,
57,57,224789,,,,,0.011212,-69.675965,29.8686,-40.97,-67.59,0.0,8.270,5.894,K2V,0.863,10.374188,0.030419,-28.009080,-0.00000916,-0.00000596,-0.00000340,0.0029353970035569184,-1.2160749962487025,-0.00000019862816492361111,-0.000000327685566,,,Tuc,1,57,,0.38229621656591933,,,
58,58,224792,,,,,0.011577,62.175898,38.8048,-46.95,-43.90,16.0,7.050,4.106,G0,0.520,18.112462,0.054853,34.318498,0.00001497,-0.00000879,0.00001062,0.0030307493247985675,1.0851741357094562,-0.00000022762002302083336,-0.000000212833205,,,Cas,1,58,,1.9842664984846423,,,
59,59,236270,,,,,0.011630,55.722460,100000.0000,-0.27,-1.02,-26.0,9.090,-10.910,B5,0.091,56319.956142,171.475741,82631.913264,0.00039401,-0.00012969,-0.00030046,0.003044670546276797,0.9725403957303838,-0.0000000013089969375,-0.000000004945099,,,Cas,1,59,,2013724.2498623894,,9.155,9.035
60,60,224788,,,,,0.011695,-64.465799,172.1170,1.75,10.74,0.0,8.340,2.161,F2IV,0.386,74.190650,0.227164,-155.306013,0.00000808,0.00000148,0.00000386,0.0030617832370948353,-1.1251404463963464,0.000000008484239409722221,0.000000052068989,,,Tuc,1,60,,11.901453387038547,,,
61,61,236269,,,,,0.011749,53.822146,178.8909,32.68,-16.70,0.0,8.860,2.597,K5,1.081,105.597675,0.324911,144.398682,0.00001160,0.00002838,-0.00000855,0.0030759083247195486,0.939373650566015,0.00000015843711080555558,-0.000000080963884,,,Cas,1,61,,7.965260797837783,,,
62,62,224800,,,,,0.011998,-45.422739,308.6420,4.02,-4.78,0.0,8.270,0.823,G8III,0.994,216.625621,0.680458,-219.847132,-0.00000511,0.00000600,-0.00000502,0.003141084533212135,-0.7927763477733137,0.000000019489509958333328,-0.000000023174093,,,Phe,1,62,,40.813139159697194,,,
63,63,224801,9080,,,,0.012119,45.253334,187.9699,17.38,0.22,-3.0,6.360,-0.010,B9p SiEu,-0.047,132.325125,0.419892,133.501154,-0.00000235,0.00001583,-0.00000204,0.003172863280404705,0.7898196673326625,0.00000008426061768055556,0.00000000106659,,,And,1,63,,87.90225168308842,CG,6.382,6.322
64,64,224798,,,,,0.012305,-27.907582,243.9024,-5.93,-14.59,0.0,8.080,1.144,K2III,1.156,215.536337,0.694330,-114.157726,-0.00000805,-0.00000704,-0.00001524,0.003221430442301502,-0.4870791839252563,-0.000000028749451256944443,-0.000000070734315,,,Scl,1,64,,30.366867884657843,,,
65,65,,,,,,0.012498,-54.830524,54.7046,-205.14,-75.34,0.0,11.000,7.310,,1.147,31.509513,0.102901,-44.718378,-0.00001615,-0.00005445,-0.00001151,0.003272083715637448,-0.9569731670129775,-0.0000009945467842916665,-0.000000365258626,,,Phe,1,65,,0.10375284158180126,,11.092,10.882
66,66,224790,,,,,0.012567,-72.318220,127.2265,-15.61,11.88,0.0,8.550,3.027,F2V,0.401,38.642308,0.127080,-121.216080,0.00000701,-0.00000960,0.00000223,0.003290139805114071,-1.2621910510361813,-0.00000007567941553472221,0.000000057595865,,,Tuc,1,66,,5.360434578161428,,,
67,67,224806,,,,,0.013288,23.538219,150.3759,91.05,-12.35,0.0,7.830,1.944,F5,0.495,137.862871,0.479653,60.054225,0.00000336,0.00006639,-0.00000825,0.003478835449991276,0.41081941609822126,0.00000044142285614583327,-0.000000059874489,,,Peg,1,67,,14.534496779183144,,,
68,68,224808,,,,,0.013360,16.988197,31.5856,-99.69,-315.90,-21.9,8.790,6.293,K0,0.940,30.206989,0.105644,9.228456,-0.00000723,-0.00001529,-0.00005280,0.003497534030866224,0.29649997414386003,-0.0000004833107581458334,-0.000001531526416,,,Peg,1,68,,0.26472807400175613,,,
69,69,224804,,,,,0.013427,30.395890,182.8154,16.48,-1.30,0.0,8.330,2.020,A0,0.135,157.686444,0.554335,92.499452,0.00000053,0.00001461,-0.00000099,0.0035152981013273615,0.5305083528524512,0.00000007989729455555557,-0.000000006302577,,,Peg,1,69,,13.551894123510356,,,
70,70,,,,,,0.013512,36.777637,168.3502,-46.78,-0.88,0.0,10.420,4.289,,0.706,134.841793,0.476944,100.793121,0.00000057,-0.00003818,-0.00000058,0.0035375425364020663,0.64189086066935,-0.0000002267958397638889,-0.00000000426636,,,And,1,70,,1.6764862660738973,,,
71,71,224803,,,,,0.013803,36.780106,136.9863,-24.50,-19.47,0.0,8.260,2.577,G5,0.846,109.716997,0.396439,82.019935,0.00000780,-0.00001624,-0.00001036,0.003613532680672309,0.6419339470592987,-0.00000011877935173611111,-0.000000094393223,,,And,1,71,,8.11334605228263,,,
72,72,224810,,,,,0.014661,-12.828961,87.8735,185.34,-119.65,0.0,8.970,4.251,G3/G5V,0.671,85.679304,0.328884,-19.511553,-0.00001162,0.00007891,-0.00004970,0.0038383323446609893,-0.22390760769621998,0.0000008985536755416667,-0.000000580079568,,,Cet,1,72,,1.736200991901417,,,
73,73,224826,,,,,0.014694,66.848011,280.1120,-20.78,18.19,-12.0,6.900,-0.337,K2,1.446,110.131222,0.423507,257.553115,-0.00002743,-0.00002832,-0.00000157,0.00384682048752533,1.16671788964157,-0.00000010074428281944444,0.000000088187608,,,Cep,1,73,,118.79550279416512,,,
74,74,,,,,,0.014817,35.752624,44.5236,157.73,-40.31,0.0,9.930,6.687,K5,1.068,36.132732,0.140219,26.014553,0.00000495,0.00003406,-0.00000706,0.0038791010954104775,0.6240010070015525,0.0000007646966183402777,-0.000000195428394,,,And,1,74,,0.18416199035246694,,9.998,9.888
75,75,224821,,,,,0.014882,-50.446459,641.0256,29.01,2.56,0.0,7.420,-1.614,K4III,1.524,408.201365,1.590705,-494.249872,0.00000578,0.00009017,0.00000507,0.00389614263892638,-0.8804568004017375,0.00000014064444872916668,0.00000001241123,,,Phe,1,75,,385.12348242893137,,,
76,76,,,,,,0.015214,32.825654,346.0208,-1.98,-8.45,0.0,9.030,1.334,M0,1.670,290.767266,1.158155,187.572518,0.00000770,-0.00000329,-0.00001191,0.003983096006029844,0.572915739540885,-0.000000009599310875,-0.000000040966756,,,And,1,76,,25.491770505091193,V401,9.079,8.979
77,77,224820,,,,,0.015371,-30.064166,208.7683,18.83,2.83,-1.0,8.410,1.812,A0V,0.022,180.680166,0.727112,-104.586559,0.00000047,0.00001906,0.00000299,0.004024159791140425,-0.5247186899480137,0.00000009129041604861111,0.000000013720227,,,Scl,1,77,,16.4134546670214,,,
78,78,224816,,,,,0.015487,17.867851,709.2199,-0.51,3.68,0.0,8.060,-1.194,K0,1.203,675.006346,2.736898,217.604708,-0.00000387,-0.00000177,0.00001204,0.004054603365189505,0.3118528271100013,-0.0000000024725497708333337,0.000000017841143,,,Peg,1,78,,261.57726827191084,,,
79,79,,,,,,0.015718,35.316720,271.0027,16.45,-13.81,0.0,8.690,1.525,F5,0.529,221.127909,0.909944,156.665514,0.00001040,0.00002165,-0.00001480,0.0041148358286914495,0.6163930491632712,0.0000000797518504513889,-0.000000066952769,,,And,1,79,,21.379620895022324,,,
80,80,224817,,,,,0.016187,-11.823739,73.0994,419.04,-82.83,-7.0,8.400,4.080,G2V,0.566,71.547716,0.303237,-14.978171,-0.00001365,0.00014844,-0.00002726,0.00423784317841125,-0.20636316674774624,0.0000020315632470000004,-0.000000401571171,,,Cet,1,80,,2.032357010936221,,,
81,81,224828,,,,,0.016228,-4.932534,43.7828,-184.70,-172.67,0.5,8.570,5.363,G5,0.642,43.620267,0.185316,-3.764562,-0.00000247,-0.00003921,-0.00003656,0.004248398804905122,-0.0860889648680925,-0.000000895450867986111,-0.000000837127782,,,Psc,1,81,,0.623447661105006,,,
82,82,,,,,,0.016534,-10.935963,100000.0000,-6.01,-65.06,0.0,9.500,-10.500,G5,1.107,98183.062891,425.008500,-18971.176274,-0.00597061,-0.00293935,-0.03096650,0.004328713048605738,-0.190868569923075,-0.000000029137302201388888,-0.00000031541978,,,Cet,1,82,,1380384.2646028867,,,
83,83,236274,,,,,0.016538,52.080562,543.4783,-2.10,-0.99,0.0,8.850,0.174,M0,1.726,333.993017,1.446094,428.736791,0.00000208,-0.00000552,-0.00000160,0.004329739915486198,0.9089772820030187,-0.000000010181087291666668,-0.000000004799655,,,Cas,1,83,,74.19933277899432,,,
84,84,,,,,,0.016824,27.886330,47.7783,225.55,-5.46,0.0,9.610,6.214,K0,0.852,42.229742,0.186052,22.346816,0.00000036,0.00005224,-0.00000112,0.0044044301009943145,0.4867082813802725,0.0000010934972564930555,-0.000000026470826,,,Peg,1,84,,0.2847082159799285,,,
85,85,,,,,,0.017075,-24.714048,304.8780,48.48,0.49,0.0,10.620,3.199,A2,0.359,276.950145,1.238095,-127.466385,-0.00000002,0.00007165,0.00000066,0.004470225579632917,-0.43134150521361375,0.00000023503767233333332,0.000000002375587,,,Cet,1,85,,4.575093773298475,,10.672,10.552
86,86,224836,,,,,0.017361,69.603505,272.4796,11.53,2.67,0.0,8.050,0.873,B9,0.018,94.962169,0.431695,255.396031,-0.00000337,0.00001521,0.00000123,0.004545022116401971,1.2148103272645938,0.00000005589901736805555,0.000000012944525,,,Cep,1,86,,38.976245309771954,,,
87,87,224829,,,,,0.017433,-5.835002,340.1361,-7.83,-10.91,0.0,7.800,0.142,F5,0.430,338.370259,1.544324,-34.579615,-0.00000177,-0.00001292,-0.00001790,0.00456397484202711,-0.10183999981525499,-0.0000000379609111875,-0.000000052893172,,,Psc,1,87,,76.41876239634672,,,
88,88,224834,9081,,Tau Phe,,0.017941,-48.809876,181.8182,-17.92,-6.75,8.0,5.710,-0.588,G8III,0.911,119.736878,0.562356,-136.823418,0.00000099,-0.00001579,-0.00001008,0.004696959812148889,-0.8518930353430763,-0.00000008687861155555555,-0.000000032724923,Tau,,Phe,1,88,,149.69248567600363,,,
89,89,224837,,,,,0.018477,53.166943,581.3953,0.68,0.03,0.0,7.870,-0.952,K2,1.566,348.533968,1.685962,465.340440,-0.00000008,0.00000192,0.00000005,0.004837237846413993,0.927938200272635,0.000000003296733027777778,0.000000000145444,,,Cas,1,89,,209.3148303447447,,,
90,90,224842,,,,,0.018671,-41.887544,113.2503,25.10,-46.98,0.0,7.640,2.370,F5IV/V,0.500,84.308939,0.412135,-75.613910,-0.00001729,0.00001370,-0.00001920,0.004887981772045921,-0.7310755549478362,0.00000012168823381944444,-0.000000227765467,,,Phe,1,90,,9.81747943019984,,,
91,91,224840,,,,,0.018702,-5.874348,301.2048,-15.41,-6.09,0.0,7.660,0.266,K0,1.300,299.619504,1.467004,-30.827462,-0.00000080,-0.00002251,-0.00000885,0.004896188289353481,-0.10252670834508876,-0.00000007470978817361111,-0.000000029525153,,,Psc,1,91,,68.17105263058534,,,
92,92,224841,,,,,0.019379,-20.705550,404.8583,27.51,15.15,0.0,8.680,0.643,G8III,0.944,378.703543,1.921411,-143.143907,0.00001024,0.00005404,0.00002781,0.005073530007130807,-0.36138001431887,0.00000013337224352083335,0.000000073449272,,,Cet,1,92,,48.17259035591632,,,
93,93,224839,,,,,0.019490,-0.076098,61.1995,54.94,-73.28,0.0,8.120,4.186,F8V,0.619,61.198649,0.312274,-0.081283,-0.00000011,0.00001630,-0.00002174,0.005102574620565851,-0.00132816762531875,0.0000002663566360972222,-0.000000355271465,,,Psc,1,93,,1.8433168795057542,,,
94,94,,,,,,0.019665,-32.756836,90.7441,50.32,-12.69,0.0,10.100,5.311,G2,0.644,76.312459,0.392913,-49.099347,-0.00000313,0.00002212,-0.00000469,0.005148287634635486,-0.57171464932499,0.00000024395824405555557,-0.000000061522856,,,Scl,1,94,,0.6540335094488948,,10.152,10.042
95,95,224847,,,,,0.020134,-11.964034,149.2537,-9.94,-13.75,0.0,8.670,2.800,F5V,0.513,146.009571,0.769644,-30.939939,-0.00000202,-0.00000720,-0.00000973,0.005271149333301337,-0.20881177729145875,-0.000000048190479847222213,-0.000000066661881,,,Cet,1,95,,6.606934480075959,,,
96,96,,,,,,0.020330,13.975088,35.1494,20.59,139.82,0.0,10.460,7.730,M0,1.360,34.108524,0.181537,8.488580,-0.00000577,0.00000348,0.00002312,0.005322267452447231,0.24391129933177,0.0000000998231368263889,0.000000677866488,,,Peg,1,96,,0.07046930689671463,,10.732,10.382
97,98,224851,,,,,0.020478,-52.798575,174.8252,-2.09,1.70,0.0,9.870,3.657,F6/F7V,0.551,105.701105,0.566682,-139.250874,0.00000116,-0.00000177,0.00000087,0.005361180339698168,-0.92150897988397,-0.00000001013260592361111,0.000000008241832,,,Phe,1,97,,3.0005440024430934,,9.931,9.811
98,97,224849,,,,,0.020492,-21.404042,180.1802,18.34,1.21,0.0,9.480,3.201,F5V,0.530,167.750771,0.899961,-65.755407,0.00000030,0.00001602,0.00000098,0.005364759004753872,-0.37357101067035625,0.00000008891482901388888,0.000000005866245,,,Cet,1,98,,4.5666738964953115,,,
99,99,224855,,,,,0.021069,60.355282,877.1930,9.57,-6.49,-34.0,7.040,-2.675,C5p,2.835,433.870743,2.393403,762.376203,0.00000656,0.00004073,-0.00004387,0.005515926970855755,1.0533983936864386,0.00000004639666922916667,-0.000000031464407,,,Cas,1,99,,1023.2929922807537,WZ,7.276,6.836
100,100,224844,,,,,0.021092,19.741243,184.1621,-29.13,-30.14,0.0,8.440,2.114,G0,0.898,173.335818,0.957136,62.204960,0.00000923,-0.00002596,-0.00002533,0.005521880270529974,0.34454969142512376,-0.00000014122622514583334,-0.000000146122843,,,Peg,1,100,,12.427964384409151,,,
101,101,224864,,,,,0.021315,-47.793831,120.0480,-14.29,-0.62,0.0,9.880,4.483,F5IV/V,0.509,80.647032,0.450014,-88.923428,-0.00000022,-0.00000832,-0.00000024,0.0055802838010941755,-0.8341597193011351,-0.00000006927987495138889,-0.000000003005844,,,Phe,1,101,,1.4021678337057588,,9.948,9.788
102,102,224850,,,,,0.021365,-41.487437,284.9003,17.13,-33.61,0.0,7.050,-0.223,M1III,1.550,213.415758,1.193767,-188.733861,-0.00003088,0.00002349,-0.00003477,0.005593318675105443,-0.7240923797764325,0.00000008304858347916667,-0.000000162945878,,,Phe,1,102,,106.95473105661601,,,
103,103,224853,,,,,0.021475,-68.371127,109.8901,-10.45,-40.28,0.0,8.290,3.085,F6V,0.538,40.504087,0.227686,-102.152833,-0.00001992,-0.00000568,-0.00000791,0.005622027698490842,-1.1933012857258123,-0.00000005066302961805555,-0.00000019528295,,,Tuc,1,103,,5.081594425605605,,,
104,104,224863,,,,,0.021776,-31.899618,97.6562,-39.21,-0.87,0.0,9.340,4.392,F7V,0.543,82.906345,0.472627,-51.604728,-0.00000011,-0.00001856,-0.00000035,0.0057009626648637235,-0.5567533729064412,-0.00000019009544414583335,-0.000000004217879,,,Scl,1,104,,1.5247547676599151,,,
105,105,224854,,,,,0.021855,70.928938,276.2431,-4.90,-8.21,0.0,7.730,0.524,F0,0.455,90.258359,0.516403,261.081237,0.00001043,-0.00000650,-0.00000359,0.005721755136134462,1.2379434987219737,-0.000000023755870347222227,-0.000000039803203,,,Cep,1,105,,53.752664878674445,,,
106,106,224870,9083,,,,0.022013,49.981558,199.6008,13.29,-11.19,-20.0,6.220,-0.281,G7II-III,0.970,128.347884,0.739720,152.861641,-0.00000493,0.00001283,-0.00002263,0.005763021777708776,0.8723427473068125,0.00000006443173814583334,-0.00000005425065,,,Cas,1,106,,112.82361216489925,,,
107,107,224865,9082,,,,0.022255,-50.337373,166.3894,7.34,10.59,2.0,5.530,-0.576,M2III,1.615,106.198875,0.618768,-128.089244,0.00000785,0.00000597,0.00000388,0.005826258371586336,-0.87855289975953,0.00000003558532415277778,0.000000051341768,,,Phe,1,107,,148.04713248976265,,,
108,108,224866,,,,,0.022439,-70.125272,100000.0000,12.75,14.74,0.0,8.530,-11.470,K3II/III,1.315,33995.891035,199.746918,-94043.816883,0.00668351,0.00622020,0.00242923,0.005874501870262369,-1.22391688171156,0.00000006181374427083333,0.000000071461536,,,Tuc,1,108,,3372873.0865886924,,,
109,109,224875,,,,,0.023106,6.791470,172.7116,-3.08,-8.70,0.0,7.230,1.043,F0,0.388,171.496567,1.037433,20.424207,0.00000088,-0.00000257,-0.00000723,0.00604921534271309,0.11853350993558749,-0.00000001493226136111111,-0.00000004217879,,,Psc,1,109,,33.32728995761377,DR,7.255,7.195
110,110,224873,,,,,0.023242,39.610717,49.6278,-29.92,-41.34,0.4,8.610,5.131,G5,0.787,38.232255,0.232625,31.641104,0.00000670,-0.00000716,-0.00000740,0.006084835757784305,0.6913374363077187,-0.00000014505625322222223,-0.000000200421975,,,And,1,110,,0.7719692476102509,,,
111,111,,,,,,0.023314,34.281848,38.4911,258.31,-4.75,0.0,11.280,8.353,M2,1.308,31.803710,0.194195,21.680663,0.00000021,0.00004820,-0.00000073,0.006103672819409627,0.5983311244993214,0.0000012523222182430554,-0.000000023028649,,,And,1,111,,0.03970086781121838,,11.343,11.193
112,112,,,GJ 1293,,,0.023843,-16.948446,32.1234,299.01,-255.05,8.0,10.760,8.226,M1.5V:,1.384,30.727669,0.191824,-9.364349,-0.00000404,0.00004654,-0.00004038,0.006242051362129505,-0.29580618652630497,0.0000014496413862291667,-0.000001236517292,,,Cet,1,112,,0.044627237076225186,,,
113,113,224881,,,,,0.024375,49.010406,100000.0000,-0.29,-1.97,0.0,8.930,-11.070,A0,0.021,65590.859465,418.558353,75482.871988,0.00072174,-0.00013598,-0.00062641,0.006381271697852856,0.8553929514302462,-0.0000000014059596736111113,-0.000000009550829,,,Cas,1,113,,2333458.0622810046,,,
114,114,224882,,,,,0.024777,30.735785,117.7856,-10.28,-38.64,-11.0,7.950,2.595,G0IV,0.654,101.238423,0.656689,60.197798,0.00000164,-0.00000586,-0.00002471,0.006486532910094341,0.5364406518449475,-0.00000004983884636111111,-0.000000187332006,,,Peg,1,114,,7.979946872679767,,,
115,115,224878,,,,,0.024839,-62.923130,258.3979,-2.22,11.18,0.0,7.460,0.399,A2IV,0.160,117.616488,0.764850,-230.076621,0.00001249,-0.00000270,0.00000637,0.006502941824942553,-1.0982157997310213,-0.000000010762863708333332,0.000000054202169,,,Tuc,1,115,,60.311481961781745,,,
116,116,224886,,,,,0.025022,-33.792771,125.3133,-23.88,-27.41,0.0,8.600,3.110,F3V,0.435,104.139967,0.682192,-69.698100,-0.00000917,-0.00001457,-0.00001384,0.006550829981814479,-0.5897951167650037,-0.00000011577350691666666,-0.000000132887429,,,Scl,1,116,,4.96592321450336,,,
117,117,224879,,,,,0.025363,-72.605899,934.5794,18.26,1.70,0.0,8.550,-1.303,G8III,1.093,279.379379,1.855655,-891.842124,0.00000680,0.00008278,0.00000230,0.006640147611058108,-1.26721199788397,0.00000008852697806944445,0.000000008241832,,,Tuc,1,117,,289.20113962154875,,,
118,118,224883,,,,,0.025773,-9.430033,77.6398,44.38,1.14,0.0,9.200,4.750,G0,0.606,76.588865,0.516780,-12.720744,-0.00000004,0.00001670,0.00000042,0.006747329652725017,-0.16458512863984376,0.00000021516031143055555,0.000000005526875,,,Cet,1,118,,1.0964781961431846,,,
119,119,224894,,,,,0.026012,44.675401,155.5210,-10.61,-18.37,0.0,6.820,0.861,K0,1.071,110.588637,0.753085,109.345178,0.00000979,-0.00000793,-0.00000985,0.006809862911099315,0.7797328437226113,-0.000000051438731506944446,-0.000000089060273,,,And,1,119,,39.409416073228584,,,
120,120,224902,,,,,0.026396,-45.344759,413.2231,-19.71,-28.68,0.0,8.290,0.209,K1IIICNIV,1.183,290.422468,2.006886,-293.945731,-0.00004059,-0.00003976,-0.00004038,0.006910473878206172,-0.7914153376399262,-0.0000000955567764375,-0.000000139044563,,,Phe,1,120,,71.84557087925968,,,
121,121,224895,,,,,0.026429,28.423691,226.2443,-18.88,-34.10,-11.4,6.830,0.057,K2III,1.197,198.966112,1.376651,107.689500,0.00000769,-0.00002065,-0.00003844,0.006919022087799723,0.49608699743718127,-0.00000009153282288888889,-0.000000165321465,,,Peg,1,121,,82.64184417157952,,,
122,122,224889,9084,,The Oct,,0.026616,-77.065724,66.5779,-56.52,-176.95,24.0,4.780,0.663,K2III,1.254,14.902031,0.103716,-64.888859,-0.00005004,-0.00001859,-0.00003671,0.0069680833539428125,-1.3450506304308112,-0.00000027401669224999995,-0.000000857877807,The,,Oct,1,122,,47.293341491865164,,,
123,123,224891,,,,,0.026675,72.236615,169.2047,-44.73,3.74,-12.9,7.210,1.068,K0,1.169,51.620824,0.360284,161.137680,-0.00000669,-0.00003674,-0.00001163,0.006983626499856016,1.2607667756552712,-0.0000002168571593125,0.000000018132031,,,Cep,1,123,,32.568668220166984,,,
124,124,224893,9085,,,,0.026949,61.222801,943.3962,-2.80,-1.34,-23.0,5.580,-4.293,F0III,0.407,454.144163,3.204116,826.885007,-0.00000586,-0.00001285,-0.00002357,0.007055293220648263,1.0685394491555988,-0.000000013574783055555555,-0.000000006496503,,,Cas,1,124,,4541.507126325551,,,
125,125,224900,,,,,0.026979,-39.336748,222.2222,-19.57,-28.13,0.0,8.700,1.966,F2V,0.366,171.869877,1.213907,-140.861556,-0.00001906,-0.00002122,-0.00002344,0.007063068817173759,-0.68655577330827,-0.00000009487803728472222,-0.000000136378088,,,Phe,1,125,,14.242951649732898,,,
126,126,224896,,,,,0.027255,14.632324,300.3003,37.26,7.11,0.0,8.060,0.672,G5,0.969,290.553207,2.073240,75.860439,-0.00000300,0.00005422,0.00001001,0.007135317613802031,0.255382230614705,0.00000018064157737500003,0.000000034470252,,,Peg,1,126,,46.90293284059376,,,
127,127,,,,,,0.027479,-48.935619,84.8176,42.86,-188.26,0.0,10.860,6.218,,0.942,55.715803,0.400884,-63.950089,-0.00005849,0.00001720,-0.00005085,0.007194101172505503,-0.8540876762145562,0.00000020779114348611112,-0.000000912710235,,,Phe,1,127,,0.2836612419312515,,10.93,10.77
128,128,224890,,,,,0.027597,73.611846,70.7714,75.54,-12.36,-8.0,6.500,2.251,Am...,0.182,19.967120,0.144423,67.896054,0.00000157,0.00002593,-0.00000905,0.007224759497225053,1.2847690896740125,0.00000036622825429166673,-0.00000005992297,,,Cep,1,128,,10.95468767333996,,,
129,129,224897,,,,,0.027708,5.372808,167.2241,5.33,23.58,0.0,9.320,3.204,F8,0.559,166.485023,1.207680,15.658167,-0.00000182,0.00000431,0.00001903,0.007253854104980269,0.09377319329181875,0.00000002584056917361111,0.000000114319065,,,Psc,1,129,,4.55407312683254,,,
130,130,224913,,,,,0.027886,-30.692537,305.8104,16.06,-12.27,0.0,9.140,1.713,K0III,1.080,262.965094,1.919858,-156.095081,-0.00000946,0.00002374,-0.00001564,0.007300566284424601,-0.5356858225080825,0.00000007786107709722222,-0.000000059486638,,,Scl,1,130,,17.98042695177437,,,
131,131,224892,,,,,0.027994,62.018087,125.1564,-14.27,-26.03,1.0,8.130,2.643,A4V,0.200,58.720910,0.430319,110.525093,0.00001449,-0.00000855,-0.00000651,0.007328766649518116,1.0824198187762413,-0.00000006918291221527778,-0.000000126197001,,,Cas,1,131,,7.634841051830966,,,
132,132,,,,,,0.028135,-34.653545,476.1905,5.38,-15.37,0.0,10.620,2.231,F0,0.358,391.706221,2.885224,-270.767989,-0.00002027,0.00001227,-0.00002919,0.007365605226040121,-0.6048184600137925,0.00000002608297601388889,-0.000000074515862,,,Scl,1,132,,11.158350522886675,,10.668,10.558
133,133,224914,,,,,0.028230,-40.148702,208.7683,33.70,-14.84,-8.4,6.620,0.022,F5IV,0.545,159.572564,1.179430,-134.608237,-0.00001650,0.00003399,-0.00000594,0.007390609594340539,-0.7007270395305625,0.00000016338221034722223,-0.00000007194635,,,Phe,1,133,,85.34930716135483,,,
134,134,224909,,,,,0.028346,-1.139960,862.0690,23.15,5.09,0.0,9.960,0.282,A0,0.264,861.874646,6.396161,-17.150637,-0.00000029,0.00009675,0.00002127,0.0074210830507116755,-0.019896051076109998,0.00000011223436704861111,0.000000024677016,,,Psc,1,134,,67.17381285473806,,,
135,135,224908,,,,,0.028453,-0.217777,50.0751,20.73,-114.08,0.0,8.640,5.142,G5,0.620,50.073349,0.373003,-0.190331,-0.00000014,0.00000503,-0.00002769,0.007448998391414817,-0.0038009204101525002,0.00000010050187597916668,-0.000000553075446,,,Psc,1,135,,0.7641876239634672,,,
136,136,224907,,,,,0.028579,24.253113,180.5054,18.50,-28.01,0.0,6.600,0.318,K2III-IV,1.153,164.569338,1.231343,74.145911,0.00000995,0.00001626,-0.00002235,0.007482002792145399,0.42329666978227876,0.00000008969053090277777,-0.000000135796311,,,Peg,1,136,,64.9830363484238,,,
137,137,224906,9086,,,,0.028847,42.367144,374.5318,5.11,-1.77,-11.0,6.250,-1.617,B9IIIp Mn,-0.042,276.711822,2.089808,252.388978,-0.00000622,0.00000923,-0.00000996,0.007552068772316919,0.7394461549144825,0.00000002477397907638889,-0.000000008581202,,,And,1,137,,386.18908944898993,,,
138,138,224910,,,,,0.029162,-16.531661,165.0165,94.80,24.68,0.0,7.830,1.742,K0/K1IV,1.074,158.190543,1.207783,-46.954642,0.00000504,0.00007588,0.00001893,0.007634666529480209,-0.28853191804485995,0.0000004596033691666666,0.000000119652016,,,Cet,1,138,,17.506527083833703,,,
139,139,,,,,,0.029686,67.506975,418.4100,-3.60,-0.44,0.0,10.030,1.922,B0,1.289,160.066682,1.243970,386.579925,0.00000088,-0.00000730,-0.00000034,0.0077716652836906245,1.178218982334675,-0.0000000174532925,-0.00000000213318,,,Cep,1,139,,14.832009671818742,V747,10.139,9.979
140,140,224915,,,,,0.030195,-68.104897,111.9821,100.92,-35.54,0.0,9.040,3.794,F7V,0.546,41.757767,0.330400,-103.904622,-0.00001833,0.00005464,-0.00000719,0.007904944147206147,-1.1886546956493425,0.0000004892739664166667,-0.000000172302782,,,Tuc,1,140,,2.6448436268543603,,,
141,141,224921,,,,,0.030232,36.350358,231.4815,21.36,5.19,0.0,8.470,1.647,K5,1.350,186.431129,1.475627,137.204014,-0.00000364,0.00002394,0.00000469,0.007914748116768958,0.6344334341660125,0.00000010355620216666667,0.00000002516183,,,And,1,141,,19.107329810428727,,,
